number,title,author,created_at,merged_at,state,totalReviews,cycle_hours
266610,fix #266346,sandy081,2025-09-14 12:21:46+00:00,2025-09-14 12:34:36+00:00,closed,1,0.21388888888888888
266554,"Don't require an editing session for ""new chat"" to work",roblourens,2025-09-13 19:52:08+00:00,2025-09-14 03:03:44+00:00,closed,1,7.193333333333333
266550,Update LICENSE.txt,cokybit,2025-09-13 19:12:55+00:00,,closed,0,
266543,Add sessionid to ChatRequest,roblourens,2025-09-13 17:20:35+00:00,2025-09-13 23:45:34+00:00,closed,1,6.416388888888889
266493,Prompts for plan mode,digitarald,2025-09-13 03:44:28+00:00,2025-09-13 14:07:51+00:00,closed,1,10.389722222222222
266482,Fire accept event even if there are active items,TylerLeonhardt,2025-09-13 00:26:28+00:00,2025-09-13 01:05:22+00:00,closed,1,0.6483333333333333
266445,new fixed height thinking style,justschen,2025-09-12 21:18:05+00:00,2025-09-12 22:46:24+00:00,closed,1,1.4719444444444445
266443,Listen to change event from providers,lramos15,2025-09-12 21:10:36+00:00,2025-09-12 22:09:01+00:00,closed,1,0.9736111111111111
266441,mcp: be graceful about autostarting servers that require interaction,connor4312,2025-09-12 20:26:16+00:00,2025-09-12 20:54:14+00:00,closed,2,0.4661111111111111
266423,rm experimental from setting key,meganrogge,2025-09-12 18:45:05+00:00,2025-09-12 18:58:38+00:00,closed,1,0.22583333333333333
266420,chat - log `provider` as `anonymous` in case its used,bpasero,2025-09-12 18:19:25+00:00,2025-09-12 18:32:30+00:00,closed,1,0.21805555555555556
266402,"increase timeout for correct task, revert other timeout",amunger,2025-09-12 16:26:09+00:00,2025-09-12 17:12:33+00:00,closed,1,0.7733333333333333
266401,Fix ambiguous description for chat.tools.edits.autoApprove setting,Copilot,2025-09-12 16:22:02+00:00,2025-09-12 16:53:39+00:00,closed,3,0.5269444444444444
266399,mcp: prompt for confirmation for readonly openworld tools,connor4312,2025-09-12 16:17:43+00:00,2025-09-12 16:38:41+00:00,closed,1,0.34944444444444445
266368,Use actual command labels in accessibility help instead of duplicate localized strings,Copilot,2025-09-12 12:46:50+00:00,2025-09-12 15:20:30+00:00,closed,5,2.561111111111111
266364,debt - fix bugs around bad ternary operator use,bpasero,2025-09-12 12:39:10+00:00,2025-09-12 13:01:37+00:00,closed,1,0.37416666666666665
266363,include action's description in aria label for action list,meganrogge,2025-09-12 12:38:03+00:00,2025-09-12 12:49:53+00:00,closed,1,0.19722222222222222
266359,Fix Model Picker accessibility: Make hover tooltip information available to screen readers,Copilot,2025-09-12 12:14:54+00:00,,closed,0,
266348,Remove suggest from workspace settings,Tyriar,2025-09-12 10:02:19+00:00,2025-09-12 10:15:45+00:00,closed,1,0.2238888888888889
266347,init commit,hari-hud,2025-09-12 09:53:58+00:00,,closed,0,
266343,chat - more support for anonymous entitlements,bpasero,2025-09-12 09:15:29+00:00,2025-09-12 10:26:18+00:00,closed,1,1.1802777777777778
266336,Chat: telemetry for `alreadyInstalled` chat install kind missing (#266334),bpasero,2025-09-12 07:42:09+00:00,2025-09-12 09:10:11+00:00,closed,1,1.4672222222222222
266333,bump version,sandy081,2025-09-12 07:14:24+00:00,2025-09-12 08:22:54+00:00,closed,1,1.1416666666666666
266308,Don't force chat session widgets into ask mode,roblourens,2025-09-12 04:07:45+00:00,2025-09-12 04:19:35+00:00,closed,1,0.19722222222222222
266306,Don't keep all chat model initialdata in memory unnecessarily,roblourens,2025-09-12 03:46:23+00:00,2025-09-12 04:24:55+00:00,closed,1,0.6422222222222222
266277,tools: allow starting MCP servers from the tools picker,connor4312,2025-09-11 22:30:28+00:00,2025-09-12 03:51:24+00:00,closed,1,5.348888888888889
266276,Use mouse instead of element for Quick Pick hovers,TylerLeonhardt,2025-09-11 22:15:40+00:00,2025-09-11 22:28:30+00:00,closed,1,0.21388888888888888
266273,Refactor: Splitting chat sessions file,osortega,2025-09-11 22:10:32+00:00,2025-09-12 02:17:06+00:00,closed,1,4.109444444444445
266269,Shorten prompt descriptions for welcome view,digitarald,2025-09-11 21:56:45+00:00,2025-09-11 22:08:34+00:00,closed,2,0.19694444444444445
266260,Fix PowerShell shell integration when strict mode is enabled.,mawosoft,2025-09-11 20:11:54+00:00,2025-09-12 12:10:08+00:00,closed,4,15.970555555555556
266257,edits: don't prompt to auto-save untitled files,connor4312,2025-09-11 19:37:37+00:00,2025-09-11 19:56:49+00:00,closed,1,0.32
266254,Update xterm to bring back partial scroll ,anthonykim1,2025-09-11 18:45:46+00:00,2025-09-12 11:31:21+00:00,closed,1,16.759722222222223
266249,"smoke - use `workbench.action.clearEditorHistoryWithoutConfirm` consistently""",bpasero,2025-09-11 18:36:19+00:00,2025-09-12 04:19:07+00:00,closed,1,9.713333333333333
266246,disposable -> observable for chat elictiation request part,meganrogge,2025-09-11 18:22:52+00:00,2025-09-11 18:43:23+00:00,closed,2,0.34194444444444444
266244,Refactor of chat sessions and actions,osortega,2025-09-11 18:21:32+00:00,2025-09-11 19:13:59+00:00,closed,1,0.8741666666666666
266241,Fix TOC in release notes,mjbvz,2025-09-11 18:05:57+00:00,2025-09-12 10:06:39+00:00,closed,1,16.011666666666667
266240,allow for long install dependency times,amunger,2025-09-11 18:05:16+00:00,2025-09-11 18:37:51+00:00,closed,1,0.5430555555555555
266238,provide default messages for screen readers,meganrogge,2025-09-11 17:49:55+00:00,2025-09-11 20:06:41+00:00,closed,4,2.2794444444444446
266237,Disable rendererProfiling,roblourens,2025-09-11 17:49:44+00:00,2025-09-11 18:01:33+00:00,closed,1,0.19694444444444445
266231,extract `_createElicitationPart` to simplify `outputMonitor` functions,meganrogge,2025-09-11 17:18:30+00:00,2025-09-11 22:19:16+00:00,closed,1,5.012777777777778
266230,skip test for failing again,amunger,2025-09-11 17:16:56+00:00,2025-09-11 17:29:00+00:00,closed,2,0.2011111111111111
266220,Plan mode for VS Code development,digitarald,2025-09-11 16:12:02+00:00,2025-09-11 16:37:44+00:00,closed,1,0.42833333333333334
266215,More logs around MCP Auth,TylerLeonhardt,2025-09-11 15:25:33+00:00,2025-09-11 16:29:55+00:00,closed,1,1.0727777777777778
266214,:up: distro,bpasero,2025-09-11 15:23:58+00:00,2025-09-11 15:46:03+00:00,closed,1,0.3680555555555556
266213,Add marked/dompurify dependencies to monaco-editor-core dependencies to allow for downstream dependency tracking.,hediet,2025-09-11 15:06:54+00:00,2025-09-11 15:25:53+00:00,closed,1,0.3163888888888889
266212,fix #266106,sandy081,2025-09-11 15:04:20+00:00,2025-09-11 15:32:21+00:00,closed,1,0.46694444444444444
266206,Also send edit stats for edits that got fully removed.,hediet,2025-09-11 14:47:07+00:00,2025-09-11 15:00:25+00:00,closed,1,0.22166666666666668
266202,chat - mention ToS in welcome for first time anonymous usage,bpasero,2025-09-11 14:30:16+00:00,2025-09-12 18:18:41+00:00,closed,1,27.806944444444444
266200,Reduce repetition in runInTerminalTool tests,Tyriar,2025-09-11 14:11:40+00:00,2025-09-11 14:33:18+00:00,closed,1,0.3605555555555556
266199,SCM - add Open File action to the context menu,lszomoru,2025-09-11 14:10:49+00:00,2025-09-11 14:22:45+00:00,closed,1,0.1988888888888889
266191,Improve settings gear icon rendering on low-res displays,mrleemurray,2025-09-11 12:19:03+00:00,2025-09-11 12:40:19+00:00,closed,1,0.35444444444444445
266187,Security: Don't offer auto-approval suggestions for high-risk commands,Copilot,2025-09-11 12:08:59+00:00,2025-09-11 13:48:48+00:00,closed,2,1.6636111111111112
266186,update distro,sandy081,2025-09-11 11:59:04+00:00,2025-09-11 12:21:20+00:00,closed,1,0.3711111111111111
266185,"Add ""Moreno"" to end of README.md",Copilot,2025-09-11 11:54:14+00:00,,closed,2,
266182,Improved observable names & types,hediet,2025-09-11 10:58:09+00:00,2025-09-11 11:14:07+00:00,closed,1,0.26611111111111113
266180,Adds IObservable.debugGetDependencyGraph,hediet,2025-09-11 10:57:23+00:00,2025-09-11 13:36:55+00:00,closed,2,2.658888888888889
266177,Update debug toolbar dimensions and padding for improved layout,mrleemurray,2025-09-11 10:41:39+00:00,2025-09-11 10:54:35+00:00,closed,1,0.21555555555555556
266173,Use native hover for checkbox inside custom hover,benibenj,2025-09-11 10:20:30+00:00,2025-09-11 10:53:58+00:00,closed,1,0.5577777777777778
266161,Append 'Moreno' to README.md,Copilot,2025-09-11 08:48:46+00:00,,closed,2,
266159,update distro,sandy081,2025-09-11 08:39:50+00:00,2025-09-11 09:08:33+00:00,closed,1,0.4786111111111111
266158,Add contributor acknowledgment to README.md,Copilot,2025-09-11 08:25:19+00:00,,closed,0,
266157,Fix GitHub PR view showing Copilot notifications on all repositories instead of target repository,Copilot,2025-09-11 08:25:03+00:00,,closed,0,
266151,"Add name ""Joao"" to README.md",Copilot,2025-09-11 07:53:51+00:00,,closed,1,
266146,Engineering - mark test artifacts as non-production,lszomoru,2025-09-11 07:00:48+00:00,2025-09-11 07:12:40+00:00,closed,1,0.19777777777777777
266129,Additional Notebook layout options,DonJayamanne,2025-09-11 03:25:32+00:00,2025-09-11 05:09:42+00:00,closed,1,1.7361111111111112
266115,Switch a few more noEmit checks to use tsgo,mjbvz,2025-09-10 23:52:24+00:00,2025-09-11 01:05:01+00:00,closed,2,1.2102777777777778
266113,Use of a broken or weak cryptographic algorithm 35,se2026,2025-09-10 23:25:45+00:00,,closed,0,
266110,Just remove the Tab handler,TylerLeonhardt,2025-09-10 23:02:52+00:00,2025-09-10 23:19:35+00:00,closed,1,0.2786111111111111
266109,Add eslint rule to ban using dompurify directly,mjbvz,2025-09-10 22:58:55+00:00,2025-09-10 23:11:04+00:00,closed,1,0.2025
266107,Set `Cross-Origin-Resource-Policy` on webview resource responses,mjbvz,2025-09-10 22:36:03+00:00,2025-09-10 23:57:39+00:00,closed,1,1.36
266101,Remove `copilot` from strings and localize them,mjbvz,2025-09-10 21:59:39+00:00,2025-09-10 22:59:40+00:00,closed,1,1.0002777777777778
266099,"focus terminal, await user enter if free form input is expected in the terminal",meganrogge,2025-09-10 21:21:00+00:00,2025-09-11 16:57:39+00:00,closed,3,19.610833333333332
266096,Avoid using disposables in domSanitize,mjbvz,2025-09-10 20:59:01+00:00,2025-09-10 22:19:44+00:00,closed,2,1.3452777777777778
266091,Move Accept & Hide keyhandlers to Commands,TylerLeonhardt,2025-09-10 20:30:56+00:00,2025-09-10 22:12:31+00:00,closed,1,1.6930555555555555
266089,Fix formatting issue in README.md,joaomoreno,2025-09-10 20:14:59+00:00,,closed,0,
266088,Don't require restart when switching to TS native,mjbvz,2025-09-10 20:14:32+00:00,2025-09-10 22:59:54+00:00,closed,2,2.756111111111111
266085,testing: fix perf issue with a large number of logs,connor4312,2025-09-10 19:47:45+00:00,2025-09-10 20:01:21+00:00,closed,1,0.22666666666666666
266073,address API feedback for terminal completion provider,meganrogge,2025-09-10 18:33:46+00:00,2025-09-11 22:17:31+00:00,closed,12,27.729166666666668
266072,mcp: surface tool resources without having to expand the dropdown,connor4312,2025-09-10 18:29:26+00:00,2025-09-10 18:41:30+00:00,closed,1,0.2011111111111111
266066,Mobile sidebar prototype,f1shy-dev,2025-09-10 17:51:34+00:00,,closed,0,
266064,tools: display progress bar for tools that report numeric progress,connor4312,2025-09-10 17:30:03+00:00,2025-09-10 17:49:01+00:00,closed,1,0.3161111111111111
266063,testing: fix run test tool running the same test multiple times,connor4312,2025-09-10 16:47:49+00:00,2025-09-10 17:46:48+00:00,closed,1,0.9830555555555556
266062,terminal chat agent: detect when free-form input is required from the user,meganrogge,2025-09-10 16:18:19+00:00,,closed,1,
266060,fix terminal voice action menu config,meganrogge,2025-09-10 15:41:31+00:00,2025-09-10 15:54:38+00:00,closed,1,0.21861111111111112
266056,fix paging. Implement server by name,sandy081,2025-09-10 15:06:23+00:00,2025-09-10 15:54:09+00:00,closed,1,0.7961111111111111
266049,"If there's just a title, let that be the aria label",TylerLeonhardt,2025-09-10 14:51:50+00:00,2025-09-10 15:28:46+00:00,closed,1,0.6155555555555555
266044,Introduces editor.mouseMiddleClickAction: default|openLink|ctrlLeftClick,hediet,2025-09-10 14:21:06+00:00,2025-09-10 15:03:53+00:00,closed,1,0.7130555555555556
266042,Add new codicons for collection and new collection,mrleemurray,2025-09-10 14:19:38+00:00,2025-09-10 15:13:47+00:00,closed,1,0.9025
266036,Clear nodes if there's an error,alexr00,2025-09-10 13:58:21+00:00,2025-09-10 14:37:31+00:00,closed,1,0.6527777777777778
266023,improve rending mcp server,sandy081,2025-09-10 11:11:19+00:00,2025-09-10 14:51:43+00:00,closed,1,3.6733333333333333
266022,Chat - add support to attach a history item change range to chat,lszomoru,2025-09-10 10:49:50+00:00,2025-09-10 14:16:39+00:00,closed,1,3.4469444444444446
266021,layout - allow default views to restore in primary sidebar,bpasero,2025-09-10 10:45:18+00:00,2025-09-10 11:19:30+00:00,closed,1,0.57
266014,Only do forwarding for local extension host if there's a tunnel provider,alexr00,2025-09-10 09:31:23+00:00,2025-09-10 09:43:16+00:00,closed,2,0.19805555555555557
265996,chat - towards experimental anonymous access,bpasero,2025-09-10 06:56:32+00:00,2025-09-11 08:31:22+00:00,closed,2,25.580555555555556
265987,refactor - remove `stripWildcards` function and update normalization logic,bpasero,2025-09-10 06:20:21+00:00,2025-09-10 06:41:06+00:00,closed,1,0.3458333333333333
265957,Don't try to saveState when there is no state to save,roblourens,2025-09-10 01:01:56+00:00,2025-09-10 07:35:14+00:00,closed,1,6.555
265955,Remove simulation context references from environment ,bhavyaus,2025-09-10 00:59:05+00:00,2025-09-10 01:11:33+00:00,closed,1,0.20777777777777778
265948,Se2026 patch 1,se2026,2025-09-10 00:13:43+00:00,,closed,0,
265947,apple logo placement ,eli-w-king,2025-09-09 23:57:32+00:00,2025-09-11 06:58:51+00:00,closed,1,31.021944444444443
265944,mcp: emit resource/links with their own data type,connor4312,2025-09-09 23:18:06+00:00,2025-09-09 23:50:29+00:00,closed,1,0.5397222222222222
265942,Add configuration for todo list widget position in chat and enable todo tool by default,bhavyaus,2025-09-09 23:07:13+00:00,2025-09-09 23:57:49+00:00,closed,1,0.8433333333333334
265940,"Fix links opening regardless of confirm of ""Opening URIs can be insecure"" warning. ",anthonykim1,2025-09-09 22:40:00+00:00,2025-09-12 11:01:55+00:00,closed,1,60.36527777777778
265939,new dropdown thinking style,justschen,2025-09-09 22:24:32+00:00,2025-09-10 19:34:08+00:00,closed,1,21.16
265937,mcp: support SEP-1034 default values in elicitation,connor4312,2025-09-09 21:54:00+00:00,2025-09-09 22:30:19+00:00,closed,1,0.6052777777777778
265934,Fix images in release notes,mjbvz,2025-09-09 21:19:09+00:00,2025-09-09 22:02:15+00:00,closed,2,0.7183333333333334
265933,Fix images in release notes,mjbvz,2025-09-09 21:06:22+00:00,2025-09-10 16:09:07+00:00,closed,4,19.045833333333334
265931,Finalize SecretStorage `keys()` API,TylerLeonhardt,2025-09-09 20:58:24+00:00,2025-09-09 21:36:27+00:00,closed,1,0.6341666666666667
265929,"add prompt for input was shown telemetry, consolidate task tool telemetry",meganrogge,2025-09-09 20:47:16+00:00,2025-09-09 21:03:40+00:00,closed,1,0.2733333333333333
265923,Adding chat input type to chat model,osortega,2025-09-09 18:57:55+00:00,2025-09-10 17:48:25+00:00,closed,3,22.841666666666665
265921,Address API sync feedback for challenges API,TylerLeonhardt,2025-09-09 18:56:51+00:00,2025-09-09 21:05:43+00:00,closed,3,2.147777777777778
265920,add dictation actions to terminal overflow menu,meganrogge,2025-09-09 18:56:14+00:00,2025-09-10 01:44:01+00:00,closed,6,6.796388888888889
265909,Migrate fully of moduleResolution node10,mjbvz,2025-09-09 18:09:11+00:00,2025-09-09 19:03:33+00:00,closed,1,0.9061111111111111
265908,add opt-in auto reply to terminal prompt setting,meganrogge,2025-09-09 18:08:47+00:00,2025-09-09 22:31:57+00:00,closed,5,4.386111111111111
265895,fix bug where prompt could occur repeatedly and be sent to the wrong terminal,meganrogge,2025-09-09 16:55:38+00:00,2025-09-09 20:06:54+00:00,closed,1,3.187777777777778
265893,Bump notebook milestones,mjbvz,2025-09-09 16:46:04+00:00,2025-09-09 17:01:31+00:00,closed,1,0.2575
265877,Improve Problem Selection and Search in GitHub Copilot Context Addition,Copilot,2025-09-09 16:05:04+00:00,2025-09-10 15:23:11+00:00,closed,2,23.301944444444445
265874,Support referencing selected file(s) as inputs to MCP Prompt arguments,Copilot,2025-09-09 16:03:47+00:00,2025-09-09 22:04:10+00:00,closed,3,6.006388888888889
265870,Fixes https://github.com/microsoft/vscode/issues/265125,hediet,2025-09-09 15:55:40+00:00,2025-09-09 16:18:18+00:00,closed,1,0.37722222222222224
265865,Adopts AsyncIterableProducer,hediet,2025-09-09 15:43:56+00:00,2025-09-09 16:03:04+00:00,closed,1,0.3188888888888889
265855,Chat - add the option to programatically attach a history item change,lszomoru,2025-09-09 14:31:13+00:00,2025-09-09 14:55:05+00:00,closed,2,0.3977777777777778
265854,transfer sticky scroll check into candidate provider,aiday-mar,2025-09-09 14:30:40+00:00,2025-09-10 08:58:40+00:00,closed,2,18.466666666666665
265853,Fix leak in SeamlessRelaunchDataFilter,Tyriar,2025-09-09 14:29:44+00:00,2025-09-09 14:58:43+00:00,closed,2,0.48305555555555557
265852,Fix disposable leak in terminal backends,Tyriar,2025-09-09 14:28:31+00:00,2025-09-09 14:40:23+00:00,closed,1,0.19777777777777777
265848,remove implicit fetch tool URL remembering,joaomoreno,2025-09-09 13:45:13+00:00,2025-09-09 13:57:00+00:00,closed,1,0.1963888888888889
265847,fix: race condition on supported task types,CGNonofr,2025-09-09 13:41:01+00:00,2025-09-09 16:32:55+00:00,closed,2,2.865
265846,feat: Add session ID to telemetry events for completions provider,ankitshah009,2025-09-09 13:35:44+00:00,,closed,0,
265844,SCM - add method to resolve a source control history item,lszomoru,2025-09-09 13:28:37+00:00,2025-09-09 13:40:52+00:00,closed,1,0.20416666666666666
265843,Prevent duplicates showing in reasoning,Tyriar,2025-09-09 13:27:48+00:00,2025-09-09 13:39:47+00:00,closed,1,0.19972222222222222
265837,adopt to latest mcp spec,sandy081,2025-09-09 12:54:38+00:00,2025-09-09 13:23:18+00:00,closed,2,0.4777777777777778
265833,Fix inappropriate use of error telemetry for activation status events,Copilot,2025-09-09 12:13:00+00:00,,closed,0,
265824,Update debug dropdown CSS styling for improved layout,mrleemurray,2025-09-09 10:49:06+00:00,2025-09-10 14:27:41+00:00,closed,1,27.643055555555556
265823,Fixes https://github.com/microsoft/monaco-editor/issues/4984,hediet,2025-09-09 10:38:21+00:00,2025-09-09 15:56:40+00:00,closed,3,5.3052777777777775
265822,Chat - add support for selection when attaching a file,lszomoru,2025-09-09 10:32:05+00:00,2025-09-09 11:09:39+00:00,closed,1,0.6261111111111111
265818,Do toString on markdown content,alexr00,2025-09-09 10:24:56+00:00,2025-09-09 14:20:23+00:00,closed,1,3.924166666666667
265815,"SCM - ""Add to Chat"" action for history item change",lszomoru,2025-09-09 10:09:12+00:00,2025-09-09 11:09:17+00:00,closed,1,1.0013888888888889
265814,Don't allow mangling of TOC removal,alexr00,2025-09-09 10:05:38+00:00,,closed,0,
265813,Enhance action widget and menu styles for consistency,mrleemurray,2025-09-09 10:05:07+00:00,2025-09-09 10:16:52+00:00,closed,1,0.19583333333333333
265806,chat - towards experimental anonymous access,bpasero,2025-09-09 09:37:06+00:00,2025-09-09 14:15:51+00:00,closed,2,4.645833333333333
265801,refactor - update imports to use `searchChatContext`,bpasero,2025-09-09 09:07:06+00:00,2025-09-09 09:18:40+00:00,closed,1,0.19277777777777777
265796,Add integration test for Release Notes Editor opening,Copilot,2025-09-09 08:40:20+00:00,,closed,6,
265793,Add code owner for release notes editor,alexr00,2025-09-09 08:24:07+00:00,2025-09-09 08:39:07+00:00,closed,1,0.25
265786,Small fix to chat sessions sentiment check,osortega,2025-09-09 07:19:40+00:00,2025-09-09 12:23:23+00:00,closed,1,5.061944444444444
265785,Osortega/small-fix-chat-sessions-sentiment,osortega,2025-09-09 07:14:41+00:00,,closed,0,
265769,fix oswe thinking because oswe model does not give us thinking ids,justschen,2025-09-09 03:58:44+00:00,2025-09-09 04:10:32+00:00,closed,4,0.19666666666666666
265755,"debug: fix incorrect thread state if ""continued"" arrives too soon after a ""stopped""",connor4312,2025-09-08 22:43:54+00:00,2025-09-09 16:14:56+00:00,closed,2,17.517222222222223
265754,Improved comments for finalization,TylerLeonhardt,2025-09-08 22:40:37+00:00,2025-09-08 22:55:44+00:00,closed,1,0.25194444444444447
265753,prevent opening a new chat session if it isn't already active,bhavyaus,2025-09-08 22:31:26+00:00,2025-09-09 16:51:37+00:00,closed,1,18.336388888888887
265751,match orgs from chat extension,sbatten,2025-09-08 21:58:54+00:00,2025-09-09 12:23:17+00:00,closed,1,14.40638888888889
265749,add other orgs,sbatten,2025-09-08 21:48:13+00:00,2025-09-09 08:10:50+00:00,closed,2,10.376944444444444
265747,Have multiplex just keep tools in sets.,TylerLeonhardt,2025-09-08 21:39:30+00:00,2025-09-08 22:08:51+00:00,closed,1,0.4891666666666667
265746,debug: fix watch 'copy value' not working,connor4312,2025-09-08 21:37:48+00:00,2025-09-08 22:09:21+00:00,closed,1,0.5258333333333334
265743,Add TS go as workspace recommended extension,mjbvz,2025-09-08 20:52:38+00:00,2025-09-08 23:10:48+00:00,closed,1,2.3027777777777776
265739,improve discoverability of dictation features,meganrogge,2025-09-08 19:51:37+00:00,2025-09-08 20:30:38+00:00,closed,1,0.6502777777777777
265737,Handle when equals sign shows up in a parameter,TylerLeonhardt,2025-09-08 19:27:38+00:00,2025-09-08 21:21:54+00:00,closed,1,1.9044444444444444
265736,Handle when equals sign shows up in a parameter,TylerLeonhardt,2025-09-08 19:23:05+00:00,2025-09-08 21:53:52+00:00,closed,1,2.5130555555555554
265735,Indicate inline chat status to screen reader users,meganrogge,2025-09-08 19:21:15+00:00,2025-09-09 19:05:55+00:00,closed,1,23.744444444444444
265732,Prefix SIMULATION environment variable with VSCODE_,Copilot,2025-09-08 19:00:13+00:00,,closed,0,
265730,Fix internal org check,lramos15,2025-09-08 18:52:01+00:00,2025-09-08 21:34:39+00:00,closed,1,2.7105555555555556
265728,Add `/login/oauth` path part to the ghes supported authorization server (#265703),TylerLeonhardt,2025-09-08 18:50:14+00:00,2025-09-08 20:23:52+00:00,closed,1,1.5605555555555555
265724,poll for change to allow async update,amunger,2025-09-08 18:44:37+00:00,2025-09-08 20:05:44+00:00,closed,1,1.3519444444444444
265712,"provide progress messages to screen reader users, enable opting out",meganrogge,2025-09-08 17:49:50+00:00,2025-09-09 21:04:08+00:00,closed,17,27.238333333333333
265705,Fix chat session disposal error by preventing duplicate widget sessions,Copilot,2025-09-08 17:41:39+00:00,2025-09-09 21:58:08+00:00,closed,3,28.274722222222223
265703,Add `/login/oauth` path part to the ghes supported authorization server,TylerLeonhardt,2025-09-08 17:13:00+00:00,2025-09-08 17:38:49+00:00,closed,1,0.43027777777777776
265702,Input type attribute to chat model,osortega,2025-09-08 17:10:12+00:00,2025-09-09 04:22:28+00:00,closed,13,11.204444444444444
265700,Add '> Developer: Policy Diagnostics',joshspicer,2025-09-08 17:08:20+00:00,2025-09-08 17:30:37+00:00,closed,1,0.3713888888888889
265698,mcp: fix multiple sampling dialogs shown for concurrent sampling requests,connor4312,2025-09-08 16:40:20+00:00,2025-09-08 16:52:10+00:00,closed,1,0.19722222222222222
265693,Security improvements for your PR #265623 in https://github.com/microsoft/vscode,Barrixar,2025-09-08 15:48:26+00:00,,closed,0,
265692,revert back to official nodejs mirror,joaomoreno,2025-09-08 15:46:14+00:00,2025-09-08 17:14:11+00:00,closed,2,1.4658333333333333
265688,Improve PowerShell shell integration output monitor with enhanced reliability and performance,Copilot,2025-09-08 15:39:07+00:00,,closed,0,
265687,Add Developer: Policy Diagnostics command for comprehensive policy state reporting,Copilot,2025-09-08 15:22:29+00:00,,closed,0,
265685,Saving the value stored in the rich screen reader content for correct update,aiday-mar,2025-09-08 14:57:58+00:00,2025-09-08 15:13:27+00:00,closed,1,0.25805555555555554
265684,Allow `grep` and `git grep` in terminal chat agent tools,Copilot,2025-09-08 14:56:32+00:00,2025-09-11 11:55:09+00:00,closed,2,68.97694444444444
265680,Rerun fallbacks (#260297),chrmarti,2025-09-08 14:29:09+00:00,2025-09-08 14:55:43+00:00,closed,1,0.44277777777777777
265672,fix #265624,sandy081,2025-09-08 14:09:21+00:00,2025-09-08 14:21:15+00:00,closed,1,0.19833333333333333
265671,Add PR file 1,UmarKhan116,2025-09-08 14:00:08+00:00,,closed,0,
265655,Bump actions/setup-node from 4 to 5,dependabot[bot],2025-09-08 11:17:56+00:00,2025-09-08 17:17:10+00:00,closed,3,5.987222222222222
265652,update descriptions,sandy081,2025-09-08 10:59:29+00:00,2025-09-08 11:32:56+00:00,closed,1,0.5575
265639,triggerCommandOnProviderChange: true to restore old behavior,hediet,2025-09-08 09:36:45+00:00,2025-09-08 10:00:36+00:00,closed,1,0.3975
265638,triggerCommandOnProviderChange: true to restore old behavior,hediet,2025-09-08 09:35:25+00:00,2025-09-08 15:00:07+00:00,closed,1,5.411666666666667
265636,fix: inverted colors for window.border system mode (release/1.104),deepak1556,2025-09-08 09:29:01+00:00,2025-09-08 14:56:16+00:00,closed,1,5.454166666666667
265635,fix: inverted colors for window.border system mode,deepak1556,2025-09-08 09:24:27+00:00,2025-09-08 10:29:15+00:00,closed,1,1.08
265623,chat - introduce support for `machineId`,bpasero,2025-09-08 07:09:01+00:00,,closed,0,
265600,Fix: transform UPPER_CASE correctly to PascalCase (Closes #261780),anajafizadeh,2025-09-08 00:13:26+00:00,,closed,0,
265593,Get rid of obsolete 'useFileStorage' chat setting,roblourens,2025-09-07 21:32:32+00:00,2025-09-07 22:22:24+00:00,closed,1,0.8311111111111111
265521,Get rid of obsolete 'useFileStorage' chat setting,roblourens,2025-09-06 23:29:40+00:00,,closed,1,
265517,Rename TextEditor location to EditorInline,roblourens,2025-09-06 22:31:50+00:00,2025-09-06 23:31:10+00:00,closed,1,0.9888888888888889
265516,"Don't create chat sessions as ""editor"" location",roblourens,2025-09-06 22:14:58+00:00,2025-09-06 22:26:32+00:00,closed,3,0.19277777777777777
265480,Chat - move variable declaration into CSS,lszomoru,2025-09-06 11:46:03+00:00,2025-09-06 14:39:05+00:00,closed,1,2.883888888888889
265471,"Revert ""smoke - use `workbench.action.clearEditorHistoryWithoutConfirm` consistently""",bpasero,2025-09-06 09:33:29+00:00,2025-09-06 11:28:15+00:00,closed,1,1.9127777777777777
265454,Automated typos fix,JBlitzar,2025-09-06 05:19:34+00:00,,closed,0,
265425,Fix smoke tests in release branch,TylerLeonhardt,2025-09-05 22:07:01+00:00,2025-09-06 16:18:59+00:00,closed,1,18.199444444444445
265419,Update build TS versions,mjbvz,2025-09-05 21:31:07+00:00,2025-09-08 18:39:07+00:00,closed,1,69.13333333333334
265416,handle contentUpdateTimings npe,rebornix,2025-09-05 20:50:51+00:00,2025-09-05 21:02:28+00:00,closed,1,0.19361111111111112
265414,remove old protection for multiple clicks,sbatten,2025-09-05 20:44:22+00:00,2025-09-06 07:49:27+00:00,closed,1,11.084722222222222
265408,Adding a way to identify chat models originated from contributions,osortega,2025-09-05 19:32:34+00:00,,closed,2,
265398,Chat - switch to using `em` for chat panel font size,lszomoru,2025-09-05 18:32:08+00:00,2025-09-05 18:56:01+00:00,closed,1,0.39805555555555555
265396,Handle registering and deregsitering chat sessions view,osortega,2025-09-05 18:22:26+00:00,2025-09-06 16:58:54+00:00,closed,3,22.607777777777777
265394,Handle registering and deregsitering chat sessions view,osortega,2025-09-05 18:18:17+00:00,2025-09-10 17:29:02+00:00,closed,6,119.17916666666666
265393,no progressive rendering for existing parts in incomplete chat response (#265239),rebornix,2025-09-05 18:17:21+00:00,2025-09-05 20:34:32+00:00,closed,1,2.286388888888889
265390,fix button growing vertically in confirmation widget,meganrogge,2025-09-05 18:08:27+00:00,2025-09-05 18:42:00+00:00,closed,2,0.5591666666666667
